{
  "origin" : {
    "x" : 392862.849999999977,
    "y" : 139840.350000000006,
    "spatialReference" : {
      "wkid" : 26985,
      "latestWkid" : 26985
    }
  },
  "extent" : {
    "xmin" : 392862.849999999977,
    "ymin" : 138765.850000000006,
    "xmax" : 394195.849999999977,
    "ymax" : 139840.350000000006,
    "spatialReference" : {
      "wkid" : 26985,
      "latestWkid" : 26985
    }
  },
  "geodataXform" : {
    "spatialReference" : {
      "wkid" : 26985,
      "latestWkid" : 26985
    },
    "type" : "IdentityXform"
  },
  "LODInfos" : {
    "resolutions" : [
      8,
      4,
      2,
      1,
      0.5
    ],
    "levels" : [
      0,
      1,
      2,
      3,
      4
    ],
    "scales" : [
      30236.16,
      15118.08,
      7559.04,
      3779.52,
      1889.76
    ],
    "dpi" : 96,
    "type" : "RasterLODInfos"
  },
  "blockWidth" : 256,
  "blockHeight" : 256,
  "bandCount" : 1,
  "pixelType" : 9,
  "pixelSizeX" : 0.5,
  "pixelSizeY" : 0.5,
  "format" : "Cache/LERC2D",
  "compressionType" : "LERC",
  "firstPyramidLevel" : 1,
  "maximumPyramidLevel" : 4,
  "packetSize" : 16,
  "compressionQuality" : 0,
  "pyramidResamplingType" : 0,
  "LERCError" : 0,
  "properties" : {
    "KIND" : "IMAGE",
    "BAND_COUNT" : "1",
    "HAS_TABLE" : "0",
    "HAS_XFORM" : "0",
    "type" : "PropertySet",
    "gp-lyrx" : "Yes"
  },
  "mdInfo" : {
    "variables" : [
      {
        "name" : "global_solar_radiation",
        "description" : "global_solar_radiation",
        "unit" : "Kwh/m2",
        "statistics" : [
          {
            "min" : 0.00083725771401077509,
            "max" : 83.423439025878906,
            "mean" : 35.219336154249412,
            "standardDeviation" : 24.638652946489202,
            "sum" : 844965619.04741478,
            "median" : 30.425550843750621,
            "mode" : 0.00083725771401077509,
            "skipX" : 1,
            "skipY" : 1,
            "count" : 23991526,
            "ignores" : "-340282346638529010927431635313163763712.000000"
          }
        ],
        "histograms" : [
          {
            "size" : 256,
            "min" : 0.00083725771401077509,
            "max" : 83.423439025878906,
            "counts" : [
              362551,
              131562,
              134974,
              149354,
              128223,
              157965,
              166160,
              163362,
              187903,
              182303,
              196150,
              170471,
              162782,
              137871,
              130890,
              147060,
              127193,
              114129,
              113583,
              110719,
              120366,
              113251,
              94625,
              114474,
              92444,
              107182,
              121942,
              98518,
              109594,
              106905,
              113744,
              126982,
              138526,
              130784,
              132585,
              156915,
              169703,
              183001,
              208393,
              206036,
              181246,
              201638,
              170991,
              168926,
              142506,
              123454,
              173551,
              150760,
              198215,
              153512,
              131807,
              110781,
              111034,
              107964,
              94906,
              101878,
              93736,
              106690,
              100546,
              139033,
              108997,
              134702,
              132696,
              108497,
              112470,
              112469,
              106700,
              131308,
              109375,
              93976,
              104346,
              90696,
              86451,
              78295,
              79500,
              87140,
              102411,
              97939,
              93256,
              130441,
              109439,
              102925,
              90101,
              85161,
              84780,
              90037,
              90213,
              103779,
              113590,
              105270,
              93160,
              81228,
              84110,
              81760,
              91634,
              88891,
              76419,
              90863,
              77071,
              95485,
              91996,
              108145,
              98752,
              87640,
              120475,
              102962,
              77656,
              77286,
              88430,
              116766,
              81707,
              83838,
              105027,
              69178,
              87862,
              72719,
              74855,
              62228,
              64867,
              65616,
              62056,
              86745,
              62209,
              72698,
              69717,
              74780,
              102840,
              66224,
              96932,
              73737,
              91792,
              67973,
              77631,
              68037,
              65182,
              75175,
              55227,
              83355,
              69762,
              108206,
              63797,
              81435,
              87814,
              63229,
              47611,
              69029,
              48368,
              64987,
              67927,
              52764,
              66758,
              59175,
              65685,
              82008,
              79068,
              99156,
              80334,
              64832,
              73360,
              59098,
              74489,
              59834,
              62055,
              69981,
              67841,
              120448,
              64674,
              63594,
              55113,
              51114,
              54199,
              74979,
              49639,
              54599,
              53713,
              71251,
              58121,
              74563,
              62636,
              95407,
              70549,
              71280,
              82998,
              91145,
              57595,
              57465,
              62273,
              63977,
              84985,
              66950,
              122063,
              73239,
              65944,
              75639,
              57906,
              55712,
              69865,
              58086,
              62706,
              62609,
              64836,
              80900,
              103043,
              91594,
              79488,
              73488,
              67439,
              65348,
              65913,
              71052,
              71267,
              75643,
              90220,
              100300,
              63838,
              77044,
              58635,
              71785,
              72263,
              69109,
              73953,
              78879,
              84588,
              86186,
              95717,
              69293,
              70573,
              74798,
              79912,
              84982,
              96167,
              84835,
              83433,
              72987,
              79039,
              86348,
              93136,
              123326,
              96856,
              91854,
              89607,
              86697,
              77322,
              76262,
              81852,
              85980,
              87250,
              75213,
              67700,
              54810,
              38593,
              24203,
              6794,
              1166,
              125,
              1
            ]
          }
        ],
        "dimensions" : [
          {
            "name" : "StdTime",
            "field" : "StdTime",
            "recurring" : false,
            "unit" : "SECONDS",
            "interval" : 13.97916667,
            "hasRegularIntervals" : false,
            "intervalUnit" : "Days",